006.0254	-72.0832	  104	 Gb	00 24.1	-72 05	s	Tuc	 	 30.9	 4.0	 	glob. cl.  !! vB, vL, vmCM                        	47 Tuc                             	  104	
010.1003	+41.6833	  205	 Gx	00 40.4	+41 41	s	And	 	 17.4	 8.0	 	vB, vL, mE 165deg , vgvmbM; = M110                	M 110                              	  205	
010.6753	+40.8666	  221	 Gx	00 42.7	+40 52	s	And	 	  7.6	 8.2	 	! vvB, L, R, psmbMN; = M32                        	M  32                              	  221	
010.6753	+41.2666	  224	 Gx	00 42.7	+41 16	s	And	 	178.0	 3.5	 	!!! eeB, eL, vmE (Andromeda); = M31               	M  31                              	  224	
010.6753	+41.2666	  224	 Gx	00 42.7	+41 16	s	And	 	178.0	 3.5	 	!!! eeB, eL, vmE (Andromeda); = M31               	Great Nebula in Andromeda          	  224	
011.9003	-25.2833	  253	 Gx	00 47.6	-25 17	s	Scl	 	 25.1	 7.1	 	!! vvB, vvL, vmE 54deg , gbM                      	Sculptor galaxy                    	  253	
014.1753	+61.0666	I  59	 Nb	00 56.7	+61 04	s	Cas	 	 10.0	    	 	pF, eL! (nf gamma Cas)                            	gamma Cas nebula                   	I  59	IC 59,63
014.8753	+60.8166	I  63	 Nb	00 59.5	+60 49	s	Cas	 	 10.0	    	 	pF, eL! conn with np one                          	gamma Cas nebula                   	I  63	IC 59,63
023.3003	+60.6999	  581	 OC	01 33.2	+60 42	s	Cas	 	  6.0	 7.4	 	Cl, pL, B, R, Ri, st 10...11; = M103              	M 103                              	  581	
023.4753	+30.6500	  598	 Gx	01 33.9	+30 39	s	Tri	 	 62.0	 5.7	 	! eB, eL, R, vgbMN; = M33                         	Triangulum galaxy                  	  598	
023.4753	+30.6500	  598	 Gx	01 33.9	+30 39	s	Tri	 	 62.0	 5.7	 	! eB, eL, R, vgbMN; = M33                         	M  33                              	  598	
024.1753	+15.7833	  628	 Gx	01 36.7	+15 47	s	Psc	 	 10.2	 9.2	 	glob. cl. , F, vL, R, vg, psmbM, rr; = M74        	M  74                              	  628	
025.4984	-89.3332	 2573	 Gx	01 42.0	-89 20	c	Oct	 	  3.6	13.5	 	F, S, R, glbM, Polarissima Australis              	Polarissima Australis              	 2573	
025.5753	+51.5666	  650	 Pl	01 42.3	+51 34	s	Per	 	  4.8	12.0	p	vB, p of Dneb; = M76                              	M  76                              	  650	
025.5753	+51.5666	  650	 Pl	01 42.3	+51 34	s	Per	 	  4.8	12.0	p	vB, p of Dneb; = M76                              	Little Dumbbell                    	  650	NGC 650-1
025.5753	+51.5833	  651	 Pl	01 42.3	+51 35	d	Per	 	     	12.0	p	vB, f of Dneb; = M76                              	M  76                              	  651	
025.5753	+51.5833	  651	 Pl	01 42.3	+51 35	d	Per	 	     	12.0	p	vB, f of Dneb; = M76                              	Little Dumbbell                    	  651	NGC 650-1
034.7503	+57.1499	  869	 OC	02 19.0	+57 09	s	Per	 	 30.0	 4.0	p	! Cl, vvL, vRi, st 7...14                         	Double cluster                     	  869	NGC 869 and 884
035.6003	+57.1166	  884	 OC	02 22.4	+57 07	s	Per	 	 30.0	 4.0	p	! Cl, vL, vRi, ruby * M                           	Double cluster                     	  884	NGC 869 and 884
040.5003	+42.7833	 1039	 OC	02 42.0	+42 47	s	Per	 	 35.0	 5.2	 	Cl, B, vL, lC, sc st 9; = M34                     	M  34                              	 1039	
040.6753	 -0.0167	 1068	 Gx	02 42.7	-00 01	s	Cet	 	  6.9	 8.8	 	vB, pL, iR, sbMrrN; = M77                         	M  77                              	 1068	
056.4503	+24.3666	 1432	 Nb	03 45.8	+24 22	s	Tau	 	 30.0	    	 	eF, vL, dif (Maia,  in Pleiades)                  	Maia nebula                        	 1432	
056.5253	+23.7833	 1435	 Nb	03 46.1	+23 47	s	Tau	 	 30.0	    	 	vF, vL, dif (Merope)                              	Merope nebula                      	 1435	
060.1752	+36.6166	 1499	 Nb	04 00.7	+36 37	s	Per	 	145.0	    	 	vF, vL, E ns, dif                                 	California nebula                  	 1499	
065.4502	+19.5333	 1554	 Nb	04 21.8	+19 32	s	Tau	 	     	    	 	!!! var, S, R, Nn = *13                           	Struve's Lost nebula               	 1554	
065.7252	+19.5333	 1555	 Nb	04 22.9	+19 32	r	Tau	 	     	    	 	!!! vF, S, variable                               	Hind's variable nebula             	 1555	
076.7252	 -7.2167	I2118	 Nb	05 06.9	-07 13	s	Eri	 	180.0	    	 	F, eL, iF, 1779 inv s                             	Witch Head nebula                  	I2118	
079.0502	+34.2667	I 405	 Nb	05 16.2	+34 16	s	Aur	 	 30.0	    	 	*6.7 with pB, vL neb                              	Flaming Star nebula                	I 405	
081.1252	-24.5500	 1904	 Gb	05 24.5	-24 33	s	Lep	 	  8.7	 8.0	 	glob. cl. , pL, eRi, eC, rrr; = M79               	M  79                              	 1904	
082.1752	+35.8333	 1912	 OC	05 28.7	+35 50	s	Aur	 	 21.0	 6.4	 	Cl, B, vL, vRi, iF, st L & S; = M38               	M  38                              	 1912	
083.6252	+22.0167	 1952	 Nb	05 34.5	+22 01	s	Tau	 	  6.0	 8.4	 	vB, vL, E 135deg +/- , vglbM, r; = M1             	M   1                              	 1952	
083.6252	+22.0167	 1952	 Nb	05 34.5	+22 01	s	Tau	 	  6.0	 8.4	 	vB, vL, E 135deg +/- , vglbM, r; = M1             	Crab nebula                        	 1952	
083.8502	 -5.4500	 1976	 Nb	05 35.4	-05 27	s	Ori	 	 66.0	 4.0	 	!!! theta1 Ori and the great neb; = M42           	M  42                              	 1976	
083.8502	 -5.4500	 1976	 Nb	05 35.4	-05 27	s	Ori	 	 66.0	 4.0	 	!!! theta1 Ori and the great neb; = M42           	Great Nebula in Orion              	 1976	
083.9002	 -5.2667	 1982	 Nb	05 35.6	-05 16	s	Ori	 	 20.0	 9.0	 	! vB, vL, R with tail, mbM *8-9; = M43            	M  43                              	 1982	
084.0252	+34.1333	 1960	 OC	05 36.1	+34 08	s	Aur	 	 12.0	 6.0	 	Cl, B, vL, vRi, lC, st 9...11 sc; = M36           	M  36                              	 1960	
084.6501	-69.0833	 2070	C+N	05 38.6	-69 05	s	Dor	 	 40.0	 8.2	 	!!! vB, vL, looped                                	Tarantula nebula                   	 2070	
085.2502	 -2.4000	I 434	 Nb	05 41.0	-02 24	s	Ori	 	 60.0	    	 	neb, 60' l, south from zeta Ori                   	Horsehead nebula                   	I 434	(Dark nebula in IC 434)
086.6752	 +0.0500	 2068	 Nb	05 46.7	+00 03	s	Ori	 	  8.0	 8.0	 	B, L, wisp, gmbN, 3 st inv, r; = M78              	M  78                              	 2068	
088.1002	+32.5500	 2099	 OC	05 52.4	+32 33	s	Aur	 	 24.0	 5.6	 	Cl, Ri, pCM, st L & S; = M37                      	M  37                              	 2099	
092.2252	+24.3333	 2168	 OC	06 08.9	+24 20	s	Gem	 	 28.0	 5.1	 	Cl, vL, cRi, pC, st 9...16; = M35                 	M  35                              	 2168	
097.5752	 +5.0500	 2237	 Nb	06 30.3	+05 03	d	Mon	 	     	    	 	pB, vvL, dif, part of eL nebs ring ar 2239        	Rosette nebula                     	 2237	NGC 2237-9, 46
097.6502	 +5.0167	 2238	C+N	06 30.6	+05 01	D	Mon	 	     	    	 	S* in neby, part of eL nebs ring ar 2239          	Rosette nebula                     	 2238	NGC 2237-9, 46
097.7502	 +4.9500	 2239	 OC	06 31.0	+04 57	s	Mon	 	 16.0	    	 	*8 in L, P, B Cl                                  	Rosette nebula                     	 2239	NGC 2237-9, 46
098.1002	 +5.1167	 2246	 Nb	06 32.4	+05 07	r	Mon	 	     	    	 	eeF, L, irr R, e diffic                           	Rosette nebula                     	 2246	NGC 2237-9, 46
099.8002	 +8.7333	 2261	 Nb	06 39.2	+08 44	s	Mon	 	  2.0	    	 	B, vmE 330deg , N com = *11                       	Hubble's variable neb              	 2261	
100.2752	 +9.8833	 2264	C+N	06 41.1	+09 53	s	Mon	 	 60.0	 3.9	 	eL neb, 3deg  diam, densest 12' sp 15 Mon         	Cone nebula                        	 2264	
100.2752	 +9.8833	 2264	C+N	06 41.1	+09 53	s	Mon	 	 60.0	 3.9	 	eL neb, 3deg  diam, densest 12' sp 15 Mon         	Christmas Tree cluster             	 2264	
101.7502	-20.7333	 2287	 OC	06 47.0	-20 44	s	CMa	 	 38.0	 4.5	 	Cl, vL, B, lC, st 8...; = M41                     	M  41                              	 2287	
105.8002	 -8.3333	 2323	 OC	07 03.2	-08 20	s	Mon	 	 16.0	 5.9	 	! Cl, vL, Ri, pC, E, st 12...16; = M50            	M  50                              	 2323	
112.3002	+20.9167	 2392	 Pl	07 29.2	+20 55	s	Gem	 	  0.7	10.0	p	B, S, R, *9 M, *8 nf 100"                         	Eskimo nebula                      	 2392	
114.1502	-14.5000	 2422	 OC	07 36.6	-14 30	s	Pup	 	 30.0	 4.4	 	Cl, B, vL, pRi, st L and S; = M47                 	M  47                              	 2422	
115.4502	-14.8167	 2437	 OC	07 41.8	-14 49	s	Pup	 	 27.0	 6.1	 	!, Cl, vB, vRi, vL, inv PN ; = M46                	M  46                              	 2437	
116.1502	-23.8667	 2447	 OC	07 44.6	-23 52	s	Pup	 	 22.0	 6.2	 	Cl, L, pRi, lC, st 8...13; = M93                  	M  93                              	 2447	
119.2001	-59.1167	I2220	 Nb	07 56.8	-59 07	x	Car	 	     	    	 	!! L, E, spiral, * inv                            	Toby Jug nebula                    	I2220	
119.2001	-59.1167	I2220	 Nb	07 56.8	-59 07	x	Car	 	     	    	 	!! L, E, spiral, * inv                            	Butterfly nebula                   	I2220	
123.3002	+46.0000	 2537	 Gx	08 13.2	+46 00	s	Lyn	 	  1.7	11.7	 	glob. cl. , pB, pL, R, rrr, st 20                 	Bear Paw galaxy                    	 2537	
123.4502	 -5.8000	 2548	 OC	08 13.8	-05 48	s	Hya	 	 54.0	 5.8	 	Cl, vL, pRi, pmC, st 9...13; = M48                	M  48                              	 2548	
130.0252	+19.9834	 2632	 OC	08 40.1	+19 59	s	Cnc	 	 95.0	 3.1	 	Praesepe; = M44                                   	Praesepe                           	 2632	
130.0252	+19.9834	 2632	 OC	08 40.1	+19 59	s	Cnc	 	 95.0	 3.1	 	Praesepe; = M44                                   	M  44                              	 2632	
130.0252	+19.9834	 2632	 OC	08 40.1	+19 59	s	Cnc	 	 95.0	 3.1	 	Praesepe; = M44                                   	Beehive cluster                    	 2632	(See Praesepe)
132.6002	+11.8167	 2682	 OC	08 50.4	+11 49	s	Cnc	 	 30.0	 6.9	 	! Cl, vB, vL, eRi, lC, st 10...15; = M67          	M  67                              	 2682	
133.9002	+58.7334	 2685	 Gx	08 55.6	+58 44	s	UMa	 	  5.2	11.1	 	pF, R, F* in centre                               	Helix galaxy                       	 2685	
148.9001	+69.0667	 3031	 Gx	09 55.6	+69 04	s	UMa	 	 25.7	 6.9	 	! eB, eL, E 156deg , gsvmbMBN; = M81              	M  81                              	 3031	
148.9001	+69.0667	 3031	 Gx	09 55.6	+69 04	s	UMa	 	 25.7	 6.9	 	! eB, eL, E 156deg , gsvmbMBN; = M81              	Bode's nebulae                     	 3031	
148.9501	+69.6834	 3034	 Gx	09 55.8	+69 41	s	UMa	 	 11.2	 8.4	 	vB, vL, vmE (ray); = M82                          	M  82                              	 3034	
148.9501	+69.6834	 3034	 Gx	09 55.8	+69 41	s	UMa	 	 11.2	 8.4	 	vB, vL, vmE (ray); = M82                          	Bode's nebulae                     	 3034	
151.3003	 -7.7167	 3115	 Gx	10 05.2	-07 43	s	Sex	 	  8.3	 9.2	 	vB, L, vmE 46deg , vgsmbMEN                       	Spindle galaxy                     	 3115	
151.7502	-40.4334	 3132	 Pl	10 07.0	-40 26	s	Vel	 	  0.8	 8.0	p	!! PN , vB, vL, lE *9 M, 4s  d                    	Eight-burst planetary              	 3132	
156.2003	-18.6333	 3242	 Pl	10 24.8	-18 38	s	Hya	 	 20.8	 9.0	p	! PN , vB, lE 147deg , 45" d, blue                	Ghost of Jupiter                   	 3242	
160.8002	-64.4001	I2602	 OC	10 43.2	-64 24	s	Car	 	 50.0	 1.9	 	Cl, co, incl theta Car                            	Southern Pleiades                  	I2602	(theta Car)
160.9502	-59.8667	 3372	 Nb	10 43.8	-59 52	s	Car	 	120.0	    	 	! great neb, eta Car                              	eta Car nebula                     	 3372	
161.0003	+11.7000	 3351	 Gx	10 44.0	+11 42	s	Leo	 	  7.4	 9.7	 	B, L, R, pgmbMN; = M95                            	M  95                              	 3351	
161.7003	+11.8167	 3368	 Gx	10 46.8	+11 49	s	Leo	 	  7.1	 9.2	 	vB, vL, lE, vsvmbM, r; = M96                      	M  96                              	 3368	
161.9503	+12.5834	 3379	 Gx	10 47.8	+12 35	s	Leo	 	  4.5	 9.3	 	vB, cL, R, psbM, r; = M105                        	M 105                              	 3379	
167.8753	+55.6667	 3556	 Gx	11 11.5	+55 40	s	UMa	 	  8.3	10.1	 	cB, vL, vmE 79deg , pbM, r; = M108                	M 108                              	 3556	
168.7003	+55.0167	 3587	 Pl	11 14.8	+55 01	s	UMa	 	  3.2	11.2	 	!!, PN , vB, vL, R, vvg, vsbM, 150" d; = M97      	Owl nebula                         	 3587	
168.7003	+55.0167	 3587	 Pl	11 14.8	+55 01	s	UMa	 	  3.2	11.2	 	!!, PN , vB, vL, R, vvg, vsbM, 150" d; = M97      	M  97                              	 3587	
169.7253	+13.0834	 3623	 Gx	11 18.9	+13 05	s	Leo	 	 10.0	 9.3	 	B, vL, mE 165deg +/- , gbMBN; = M65               	M  65                              	 3623	
170.0503	+12.9834	 3627	 Gx	11 20.2	+12 59	s	Leo	 	  8.7	 9.0	 	B, vL, mE 150deg , mbM, 2 st np; = M66            	M  66                              	 3627	
173.4753	+49.0501	I 708	 Gx	11 33.9	+49 03	u	UMa	 	  1.7	14.0	p	eF, S, R, 1st of 4                                	Papillon                           	I 708	
174.1503	-63.0334	I2944	C+N	11 36.6	-63 02	s	Cen	 	 75.0	 4.5	 	*3.4 in eL neb                                    	lambda Cen nebula                  	I2944	
174.4253	+22.0167	 3745	 Gx	11 37.7	+22 01	s	Leo	 	  0.4	    	 	pB, pS, R                                         	Copeland's Septet                  	 3745	NGC 3745-6, 48, 50-1, 53-4
174.4253	+22.0000	 3746	 Gx	11 37.7	+22 00	s	Leo	 	  1.3	15.0	p	pB, pS, R                                         	Copeland's Septet                  	 3746	NGC 3745-6, 48, 50-1, 53-4
174.4503	+22.0334	 3748	 Gx	11 37.8	+22 02	s	Leo	 	  0.8	    	 	pB, pS, R                                         	Copeland's Septet                  	 3748	NGC 3745-6, 48, 50-1, 53-4
174.4753	+21.9667	 3750	 Gx	11 37.9	+21 58	s	Leo	 	  0.9	    	 	pB, R, cbM, 1st of 3 in line                      	Copeland's Septet                  	 3750	NGC 3745-6, 48, 50-1, 53-4
174.4753	+21.9334	 3751	 Gx	11 37.9	+21 56	s	Leo	 	  0.4	15.0	p	F, L, E 45deg                                     	Copeland's Septet                  	 3751	NGC 3745-6, 48, 50-1, 53-4
174.4753	+21.9834	 3753	 Gx	11 37.9	+21 59	s	Leo	 	  2.0	15.0	p	pB, pL, 2nd of 3 in line                          	Copeland's Septet                  	 3753	NGC 3745-6, 48, 50-1, 53-4
174.4753	+21.9834	 3754	 Gx	11 37.9	+21 59	s	Leo	 	  0.4	    	 	vF, R, 3rd of 3 in line                           	Copeland's Septet                  	 3754	NGC 3745-6, 48, 50-1, 53-4
174.7003	-63.5334	I2948	 Nb	11 38.8	-63 32	x	Cen	 	 60.0	    	 	eeL                                               	lambda Cen nebula                  	I2948	
177.4988	+89.1168	 3172	 Gx	11 50.0	+89 07	s	UMi	 	  0.7	13.6	 	vF, R, gbM, *11 s 2', Polarissima Borealis        	Polarissima Borealis               	 3172	
177.5753	-57.1834	 3918	 Pl	11 50.3	-57 11	s	Cen	 	  0.2	 8.0	p	PN , !, S, R, blue, = *7, d = 1s .5               	Blue planetary                     	 3918	
179.4003	+53.3834	 3992	 Gx	11 57.6	+53 23	s	UMa	 	  7.6	 9.8	 	cB, vL, pmE, sbMBrN; = M109                       	M 109                              	 3992	
180.4753	-18.8667	 4038	 Gx	12 01.9	-18 52	s	Crv	 	  2.6	10.7	 	pB, cL, R, vgbM                                   	Antennae                           	 4038	4038-9
180.4753	-18.8834	 4039	 Gx	12 01.9	-18 53	s	Crv	 	  3.2	13.0	p	pF, pL                                            	Antennae                           	 4039	4038-9
183.0503	+29.1667	 4169	 Gx	12 12.2	+29 10	s	Com	 	  2.1	13.0	p	F, S, 1st of 4                                    	Box                                	 4169	NGC 4169, 73-5
183.0753	+29.1834	 4173	 Gx	12 12.3	+29 11	s	Com	 	  4.8	13.0	p	F, S, 2nd of 4                                    	Box                                	 4173	NGC 4169, 73-5
183.1003	+29.1334	 4174	 Gx	12 12.4	+29 08	s	Com	 	  0.8	14.0	p	F, S, 3rd of 4                                    	Box                                	 4174	NGC 4169, 73-5
183.1253	+29.1501	 4175	 Gx	12 12.5	+29 09	s	Com	 	  2.0	14.0	p	F, eS, 4th of 4                                   	Box                                	 4175	NGC 4169, 73-5
183.4503	+14.9000	 4192	 Gx	12 13.8	+14 54	s	Com	 	  9.5	10.1	 	B, vL, vmE 152deg , vsvmbM; = M98                 	M  98                              	 4192	
184.7003	+14.4167	 4254	 Gx	12 18.8	+14 25	s	Com	 	  5.4	 9.8	 	!! B, L, R, gbM, r, 3-branched spiral; = M99      	Pin-wheel nebula                   	 4254	
184.7003	+14.4167	 4254	 Gx	12 18.8	+14 25	s	Com	 	  5.4	 9.8	 	!! B, L, R, gbM, r, 3-branched spiral; = M99      	M  99                              	 4254	
184.7503	+47.3001	 4258	 Gx	12 19.0	+47 18	s	CVn	 	 18.2	 8.3	 	vB, vL, vmE 0deg , sbMBN; = M106                  	M 106                              	 4258	
185.4753	 +4.4667	 4303	 Gx	12 21.9	+04 28	s	Vir	 	  6.0	 9.7	 	vB, vL, vsbM*, biN; = M61                         	M  61                              	 4303	
185.7253	+15.8167	 4321	 Gx	12 22.9	+15 49	s	Com	 	  6.9	 9.4	 	!! pF, vL, R, vg, psbMrN, 2-br spir; = M100       	M 100                              	 4321	
186.2753	+12.8834	 4374	 Gx	12 25.1	+12 53	s	Vir	 	  5.0	 9.3	 	vB, pL, R, psbM, r; = M84                         	M  84                              	 4374	
186.3503	+18.1834	 4382	 Gx	12 25.4	+18 11	s	Com	 	  7.1	 9.2	 	vB, pL, R, bM, * np; = M85                        	M  85                              	 4382	
186.5503	+12.9500	 4406	 Gx	12 26.2	+12 57	s	Vir	 	  7.4	 9.2	 	vB, L, R, gbMN, r; = M86                          	M  86                              	 4406	
186.9253	+13.0834	 4435	 Gx	12 27.7	+13 05	s	Vir	 	  3.0	10.9	 	vB, cL, R, np of 2                                	The Eyes                           	 4435	NGC 4435, 38
186.9503	+13.0167	 4438	 Gx	12 27.8	+13 01	s	Vir	 	  9.3	10.1	 	B, cL, vlE, r, sf of 2                            	The Eyes                           	 4438	NGC 4435, 38
187.4503	 +8.0000	 4472	 Gx	12 29.8	+08 00	s	Vir	 	  8.9	 8.4	 	vB, L, R, mbM, r; = M49                           	M  49                              	 4472	
187.7003	+12.4000	 4486	 Gx	12 30.8	+12 24	s	Vir	 	  7.2	 8.6	 	vB, vL, R, mbM, 3rd of 3; = M87                   	M  87                              	 4486	
188.0003	+14.4167	 4501	 Gx	12 32.0	+14 25	s	Com	 	  6.9	 9.5	 	B, vL, vmE; = M88                                 	M  88                              	 4501	
188.8503	+14.5000	 4548	 Gx	12 35.4	+14 30	s	Com	 	  5.4	10.2	 	B, L, lE, lbM; = M91                              	M  91                              	 4548	
188.9253	+12.5500	 4552	 Gx	12 35.7	+12 33	s	Vir	 	  4.2	 9.8	 	pB, pS, R, gmbM; = M89                            	M  89                              	 4552	
189.1253	+11.2500	 4567	 Gx	12 36.5	+11 15	s	Vir	 	  3.0	11.3	 	vF, L, np of Dneb (4568 at 160deg +/- )           	Siamese Twins                      	 4567	NGC 4567-8
189.1503	+11.2334	 4568	 Gx	12 36.6	+11 14	s	Vir	 	  4.6	10.8	 	vF, L, sf of Dneb                                 	Siamese Twins                      	 4568	NGC 4567-8
189.2003	+13.1667	 4569	 Gx	12 36.8	+13 10	s	Vir	 	  9.5	 9.5	 	pL, bMN; = M90                                    	M  90                              	 4569	
189.4253	+11.8167	 4579	 Gx	12 37.7	+11 49	s	Vir	 	  5.4	 9.8	 	B, L, iR, vmbM, r; = M58                          	M  58                              	 4579	
189.8753	-26.7500	 4590	 Gb	12 39.5	-26 45	s	Hya	 	 12.0	 8.2	 	glob. cl. , L, eRi, vC, iR, rrr, st 12; = M68     	M  68                              	 4590	
190.0003	-11.6167	 4594	 Gx	12 40.0	-11 37	s	Vir	 	  8.9	 8.3	 	!, vB, vL, eE 92deg , vsmbMN; = M104              	Sombrero galaxy                    	 4594	
190.0003	-11.6167	 4594	 Gx	12 40.0	-11 37	s	Vir	 	  8.9	 8.3	 	!, vB, vL, eE 92deg , vsmbMN; = M104              	M 104                              	 4594	
190.5003	+11.6500	 4621	 Gx	12 42.0	+11 39	s	Vir	 	  5.1	 9.8	 	B, pL, lE, vsvmbM, 2 st p; = M59                  	M  59                              	 4621	
190.9253	+11.5500	 4649	 Gx	12 43.7	+11 33	s	Vir	 	  7.2	 8.8	 	vB, pL, R, f of Dneb; = M60                       	M  60                              	 4649	
191.5253	+30.7334	 4676	 Gx	12 46.1	+30 44	s	Com	 	  2.8	14.0	p	vF, pmE; biN?                                     	The Mice                           	 4676	
192.7253	+41.1167	 4736	 Gx	12 50.9	+41 07	s	CVn	 	 11.0	 8.2	 	vB, L, iR, vsvmbMBN, r; = M94                     	M  94                              	 4736	
193.4003	-60.3334	 4755	 OC	12 53.6	-60 20	s	Cru	 	 10.0	 4.2	 	Cl, vL, st vB (kappa Cru)                         	kappa Cru cluster                  	 4755	(See Jewel Box)
193.4003	-60.3334	 4755	 OC	12 53.6	-60 20	s	Cru	 	 10.0	 4.2	 	Cl, vL, st vB (kappa Cru)                         	Jewel Box                          	 4755	
194.1753	+21.6834	 4826	 Gx	12 56.7	+21 41	s	Com	 	  9.3	 8.5	 	! vB, vL, vmE 120deg +/- , bMSBN; = M64           	M  64                              	 4826	
194.1753	+21.6834	 4826	 Gx	12 56.7	+21 41	s	Com	 	  9.3	 8.5	 	! vB, vL, vmE 120deg +/- , bMSBN; = M64           	Black-eye galaxy                   	 4826	
198.2253	+18.1667	 5024	 Gb	13 12.9	+18 10	s	Com	 	 12.6	 7.7	 	!, glob. cl. , B, vC, iR, vvmbM, st 12; = M53     	M  53                              	 5024	
198.9503	+42.0334	 5055	 Gx	13 15.8	+42 02	s	CVn	 	 12.3	 8.6	 	vB, L, pmE 120deg +/- , vsmbMBN; = M63            	Sunflower galaxy                   	 5055	
198.9503	+42.0334	 5055	 Gx	13 15.8	+42 02	s	CVn	 	 12.3	 8.6	 	vB, L, pmE 120deg +/- , vsmbMBN; = M63            	M  63                              	 5055	
201.7003	-47.4834	 5139	 Gb	13 26.8	-47 29	s	Cen	 	 36.3	 3.7	 	!!!, glob. cl. , omega Cen                        	omega Cen                          	 5139	
202.4753	+47.2001	 5194	 Gx	13 29.9	+47 12	s	CVn	 	 11.0	 8.4	 	!!!, great spiral neb M51                         	Whirlpool galaxy                   	 5194	NGC 5194-5
202.4753	+47.2001	 5194	 Gx	13 29.9	+47 12	s	CVn	 	 11.0	 8.4	 	!!!, great spiral neb M51                         	M  51                              	 5194	
202.5003	+47.2667	 5195	 Gx	13 30.0	+47 16	s	CVn	 	  5.4	 9.6	 	B, pS, lE, vgbM, inv in M51                       	Whirlpool galaxy                   	 5195	NGC 5194-5
202.5003	+47.2667	 5195	 Gx	13 30.0	+47 16	s	CVn	 	  5.4	 9.6	 	B, pS, lE, vgbM, inv in M51                       	M  51                              	 5195	
204.2503	-29.8667	 5236	 Gx	13 37.0	-29 52	s	Hya	 	 11.2	 7.6	 	!! vB, vL, E 55deg , esbMN, 3-br spir; = M83      	M  83                              	 5236	
205.5503	+28.3834	 5272	 Gb	13 42.2	+28 23	s	CVn	 	 16.2	 6.4	 	!!, glob. cl. , eB, vL, vsmbM, st 11...; = M3     	M   3                              	 5272	
210.8004	+54.3501	 5457	 Gx	14 03.2	+54 21	s	UMa	 	 26.9	 7.7	 	pB, vL, iR, g, vsmbMBSN; = M101                   	M 101                              	 5457	
229.6504	 +2.0833	 5904	 Gb	15 18.6	+02 05	s	Ser	 	 17.4	 5.8	 	!!, glob. cl. , vB, L, eCM, st 11...15; = M5      	M   5                              	 5904	
244.2504	-22.9833	 6093	 Gb	16 17.0	-22 59	s	Sco	 	  8.9	 7.2	 	!! glob. cl. , vB, L, vmbM (var*), rrr, st 14; = M	M  80                              	 6093	
245.9004	-26.5334	 6121	 Gb	16 23.6	-26 32	s	Sco	 	 26.3	 5.9	 	Cl, 8 or 10 B st line, with 5 st, rrr; = M4       	M   4                              	 6121	
246.4004	-23.4333	I4604	 Nb	16 25.6	-23 26	s	Oph	 	 60.0	    	 	rho Oph in eL neb                                 	rho Oph nebula                     	I4604	
248.1254	-13.0500	 6171	 Gb	16 32.5	-13 03	s	Oph	 	 10.0	 8.1	 	glob. cl. , L, vRi, vmC, R, rrr; = M107           	M 107                              	 6171	
250.4254	+36.4667	 6205	 Gb	16 41.7	+36 28	s	Her	 	 16.6	 5.9	 	!! glob. cl. , eB, vRi, vgeCM, st 11...; = M13    	M  13                              	 6205	
250.4254	+36.4667	 6205	 Gb	16 41.7	+36 28	s	Her	 	 16.6	 5.9	 	!! glob. cl. , eB, vRi, vgeCM, st 11...; = M13    	Great Cluster in Hercules          	 6205	
251.8004	 -1.9500	 6218	 Gb	16 47.2	-01 57	s	Oph	 	 14.5	 6.6	 	!! glob. cl. , vB, vL, iR, gmbM, rrr, st 10...; = 	M  12                              	 6218	
254.2754	 -4.1000	 6254	 Gb	16 57.1	-04 06	s	Oph	 	 15.1	 6.6	 	! glob. cl. , B, vL, R, gvmbM, rrr, st 10...15; = 	M  10                              	 6254	
255.3004	-30.1167	 6266	 Gb	17 01.2	-30 07	s	Oph	 	 14.1	 6.6	 	! glob. cl. , vB, L, gmbM, rrr, st 14...16; = M62 	M  62                              	 6266	
255.6504	-26.2667	 6273	 Gb	17 02.6	-26 16	s	Oph	 	 13.5	 7.2	 	glob. cl. , vB, L, R, vCM, rrr, st 16; = M19      	M  19                              	 6273	
258.4254	-37.1000	 6302	 Pl	17 13.7	-37 06	s	Sco	 	  0.8	13.0	p	pB, E pf, PN                                      	Bug nebula                         	 6302	
258.5254	-12.9167	 6309	 Pl	17 14.1	-12 55	s	Oph	 	  1.1	11.0	p	close Dneb, 160deg , both B, eS                   	Box nebula                         	 6309	
259.2754	+43.1334	 6341	 Gb	17 17.1	+43 08	s	Her	 	 11.2	 6.5	 	glob. cl. , vB, vL, eCM, rrr, st S; = M92         	M  92                              	 6341	
259.8004	-18.5167	 6333	 Gb	17 19.2	-18 31	s	Oph	 	  9.3	 7.9	 	glob. cl. , B, L, R, eCM, rrr, st 14; = M9        	M   9                              	 6333	
264.4004	 -3.2500	 6402	 Gb	17 37.6	-03 15	s	Oph	 	 11.7	 7.6	 	! glob. cl. , B, vL, R, eRi, vgmbM, rrr, st 15; = 	M  14                              	 6402	
265.0254	-32.2167	 6405	 OC	17 40.1	-32 13	s	Sco	 	 15.0	 4.2	 	Cl, L, iR, lC, st 7, 10...; = M6                  	M   6                              	 6405	
265.0254	-32.2167	 6405	 OC	17 40.1	-32 13	s	Sco	 	 15.0	 4.2	 	Cl, L, iR, lC, st 7, 10...; = M6                  	Butterfly cluster                  	 6405	
267.3004	-20.0167	 6445	 Pl	17 49.2	-20 01	s	Sgr	 	  0.6	13.0	p	pB, pS, R, gbM, r, *15 np                         	Little Gem                         	 6445	
268.4754	-34.8167	 6475	 OC	17 53.9	-34 49	s	Sco	 	 80.0	 3.3	 	Cl, vB, pRi, lC, st 7...12; = M7                  	M   7                              	 6475	
269.2004	-19.0167	 6494	 OC	17 56.8	-19 01	s	Sgr	 	 27.0	 5.5	 	Cl, B, vL, pRi, lC, st 10...; = M23               	M  23                              	 6494	
270.5754	-23.0333	 6514	C+N	18 02.3	-23 02	s	Sgr	 	 29.0	 6.3	 	!!! vB, vL, trifid, D* inv; = M20                 	Trifid nebula                      	 6514	
270.5754	-23.0333	 6514	C+N	18 02.3	-23 02	s	Sgr	 	 29.0	 6.3	 	!!! vB, vL, trifid, D* inv; = M20                 	M  20                              	 6514	
270.9504	-24.3833	 6523	 Nb	18 03.8	-24 23	s	Sgr	 	 90.0	 5.8	 	!!! vB, eL, eiF, with L Cl; = M8                  	M   8                              	 6523	
270.9504	-24.3833	 6523	 Nb	18 03.8	-24 23	s	Sgr	 	 90.0	 5.8	 	!!! vB, eL, eiF, with L Cl; = M8                  	Lagoon nebula                      	 6523	
270.9504	-24.3833	 6523	 Nb	18 03.8	-24 23	s	Sgr	 	 90.0	 5.8	 	!!! vB, eL, eiF, with L Cl; = M8                  	Hourglass nebula                   	 6523	(Brightest part of NGC 6523)
271.1504	-22.5000	 6531	 OC	18 04.6	-22 30	s	Sgr	 	 13.0	 5.9	 	Cl, pRi, lC, st 9...12; = M21                     	M  21                              	 6531	
274.7004	-13.7833	 6611	C+N	18 18.8	-13 47	s	Ser	 	 35.0	 6.0	 	Cl, at least 100 st L & S; = M16                  	M  16                              	 6611	
274.7004	-13.7833	 6611	C+N	18 18.8	-13 47	s	Ser	 	 35.0	 6.0	 	Cl, at least 100 st L & S; = M16                  	Eagle nebula                       	 6611	(but sometimes I2177)
274.7254	-13.7833	I4703	 OC	18 18.9	-13 47	x	Ser	 	     	    	 	B, eL, Cl M16 inv                                 	Star Queen nebula                  	I4703	
274.9754	-17.1333	 6613	 OC	18 19.9	-17 08	s	Sgr	 	  9.0	 6.9	 	Cl, P, vlC; = M18                                 	M  18                              	 6613	
275.2004	-16.1833	 6618	C+N	18 20.8	-16 11	s	Sgr	 	 46.0	 6.0	 	!!!, B, eL, eiF, 2 hooked; = M17                  	Omega nebula                       	 6618	
275.2004	-16.1833	 6618	C+N	18 20.8	-16 11	s	Sgr	 	 46.0	 6.0	 	!!!, B, eL, eiF, 2 hooked; = M17                  	M  17                              	 6618	
276.1254	-24.8667	 6626	 Gb	18 24.5	-24 52	s	Sgr	 	 11.2	 6.9	 	!, glob. cl. , vB, L, R, geCM, rrr, st 14...16; = 	M  28                              	 6626	
277.8504	-32.3500	 6637	 Gb	18 31.4	-32 21	s	Sgr	 	  7.1	 7.7	 	glob. cl. , B, L, R, rrr, st 14...16; = M69       	M  69                              	 6637	
277.9004	-19.2500	I4725	 OC	18 31.6	-19 15	s	Sgr	 	 32.0	 4.6	 	Cl, pC; = M25                                     	M  25                              	I4725	
279.1004	-23.9000	 6656	 Gb	18 36.4	-23 54	s	Sgr	 	 24.0	 5.1	 	!!, glob. cl. , vB, vL, R, vRi, vmC, st 11...15; M	M  22                              	 6656	
280.8004	-32.3000	 6681	 Gb	18 43.2	-32 18	s	Sgr	 	  7.8	 8.1	 	glob. cl. , B, pL, R, gbM, st 14...17; = M70      	M  70                              	 6681	
281.3004	 -9.4000	 6694	 OC	18 45.2	-09 24	s	Sct	 	 15.0	 8.0	 	Cl, cL, pRi, pC, st 12...15; = M26                	M  26                              	 6694	
282.7754	 -6.2667	 6705	 OC	18 51.1	-06 16	s	Sct	 	 14.0	 5.8	 	!, Cl, vB, L, iR, Ri, *9, st 11...; = M11         	Wild Duck cluster                  	 6705	
282.7754	 -6.2667	 6705	 OC	18 51.1	-06 16	s	Sct	 	 14.0	 5.8	 	!, Cl, vB, L, iR, Ri, *9, st 11...; = M11         	M  11                              	 6705	
283.4004	+33.0333	 6720	 Pl	18 53.6	+33 02	s	Lyr	 	  2.5	 9.0	 	!!!, ring , B, pL, cE (in Lyra); = M57            	Ring nebula in Lyra                	 6720	
283.4004	+33.0333	 6720	 Pl	18 53.6	+33 02	s	Lyr	 	  2.5	 9.0	 	!!!, ring , B, pL, cE (in Lyra); = M57            	M  57                              	 6720	
283.7754	-30.4833	 6715	 Gb	18 55.1	-30 29	s	Sgr	 	  9.1	 7.7	 	glob. cl. , vB, L, R, g, smbM, rrr, st 15; = M54  	M  54                              	 6715	
289.1504	+30.1833	 6779	 Gb	19 16.6	+30 11	s	Lyr	 	  7.1	 8.3	 	glob. cl. , B, L, iR, gvmCM, rrr, st 11...14; = M5	M  56                              	 6779	
295.0004	-30.9666	 6809	 Gb	19 40.0	-30 58	s	Sgr	 	 19.0	 7.0	 	glob. cl. , pB, L, R, vRi, vgbM, st 12...15; = M55	M  55                              	 6809	
296.2005	+50.5167	 6826	 Pl	19 44.8	+50 31	s	Cyg	 	  2.3	10.0	p	PN , B, pL, R, *11 M                              	Blinking planetary                 	 6826	
296.2254	-14.8000	 6822	 Gx	19 44.9	-14 48	s	Sgr	 	 10.2	 9.0	p	vF, vS, E, dif; = IC 4895                         	Barnard's galaxy                   	 6822	
298.4504	+18.7833	 6838	 Gb	19 53.8	+18 47	s	Sge	 	  7.2	 8.3	 	Cl, vL, vRi, pmC, st 11...16; = M71               	M  71                              	 6838	
299.9004	+22.7167	 6853	 Pl	19 59.6	+22 43	s	Vul	 	 15.2	 8.1	 	!!!, vB, vL, biN, iE (Dumbbell); = M27            	M  27                              	 6853	
299.9004	+22.7167	 6853	 Pl	19 59.6	+22 43	s	Vul	 	 15.2	 8.1	 	!!!, vB, vL, biN, iE (Dumbbell); = M27            	Dumbbell nebula                    	 6853	
301.5254	-21.9166	 6864	 Gb	20 06.1	-21 55	s	Sgr	 	  6.0	 8.6	 	glob. cl. , B, pL, R, vmbMBN, rr; = M75           	M  75                              	 6864	
303.0004	+38.3500	 6888	 Nb	20 12.0	+38 21	s	Cyg	 	 20.0	    	 	F, vL, vmE, **  att                               	Crescent nebula                    	 6888	
305.5504	+40.2500	I1318	   	20 22.2	+40 15	d	Cyg	 	240.0	    	 	gamma Cyg, surr by L patches of F neby            	gamma Cyg nebula                   	I1318	
305.9754	+38.5333	 6913	 OC	20 23.9	+38 32	s	Cyg	 	  7.0	 6.6	 	Cl, P, lC, st L and S; = M29                      	M  29                              	 6913	
311.4254	+30.7167	 6960	 Nb	20 45.7	+30 43	s	Cyg	 	 70.0	    	 	!! pB, cL, eiF, 52 Cyg inv                        	Veil nebula                        	 6960	NGC 6960, 92, 95
311.4254	+30.7167	 6960	 Nb	20 45.7	+30 43	s	Cyg	 	 70.0	    	 	!! pB, cL, eiF, 52 Cyg inv                        	Lace-work nebula                   	 6960	(see Filamentary)
311.4254	+30.7167	 6960	 Nb	20 45.7	+30 43	s	Cyg	 	 70.0	    	 	!! pB, cL, eiF, 52 Cyg inv                        	Filamentary nebula                 	 6960	(part of the Veil nebula)=
311.9504	+44.3666	I5067	   	20 47.8	+44 22	d	Cyg	 	     	    	 	F                                                 	Pelican nebula                     	I5067	I5067, 70
312.7004	+44.3500	I5070	 Nb	20 50.8	+44 21	s	Cyg	 	 80.0	    	 	F, dif                                            	Pelican nebula                     	I5070	I5067, 70
313.3754	-12.5333	 6981	 Gb	20 53.5	-12 32	s	Aqr	 	  5.9	 9.4	 	glob. cl. , pB, pL, R, gmCM, rrr; = M72           	M  72                              	 6981	
314.1004	+31.7166	 6992	 Nb	20 56.4	+31 43	s	Cyg	 	 60.0	    	 	!!, eF, eL, eE, eiF, bifurcated                   	Veil nebula                        	 6992	NGC 6960, 92, 95
314.1004	+31.7166	 6992	 Nb	20 56.4	+31 43	s	Cyg	 	 60.0	    	 	!!, eF, eL, eE, eiF, bifurcated                   	Network nebula                     	 6992	(part of the Veil nebula)
314.2754	+31.2166	 6995	 Nb	20 57.1	+31 13	s	Cyg	 	 12.0	    	 	F, eL, neb & st in groups                         	Veil nebula                        	 6995	NGC 6960, 92, 95
314.2754	+31.2166	 6995	 Nb	20 57.1	+31 13	s	Cyg	 	 12.0	    	 	F, eL, neb & st in groups                         	Network nebula                     	 6995	(part of the Veil nebula)
314.7004	+44.3333	 7000	 Nb	20 58.8	+44 20	s	Cyg	 	120.0	    	 	F, eeL, dif nebulosity                            	North America nebula               	 7000	
314.7504	-12.6333	 6994	 OC	20 59.0	-12 38	s	Aqr	 	  3.0	 9.0	p	Cl, eP, vlC, no neb; = M73                        	M  73                              	 6994	
316.0504	-11.3666	 7009	 Pl	21 04.2	-11 22	s	Aqr	 	  1.7	 8.0	p	!!!, PN , vB, S, elliptic                         	Saturn nebula                      	 7009	
322.5004	+12.1667	 7078	 Gb	21 30.0	+12 10	s	Peg	 	 12.3	 6.4	 	!, glob. cl. , vB, vL, iR, vsmbM, rrr, st vS; = M1	M  15                              	 7078	
323.0504	+48.4333	 7092	 OC	21 32.2	+48 26	s	Cyg	 	 32.0	 4.6	 	Cl, vL, vP, vlC, st 7...10; = M39                 	M  39                              	 7092	
323.3504	 -0.3833	 7088	  -	21 33.4	-00 23	r	Aqr	 	     	    	 	eF, eL, dif, E pf, n of M2                        	Baxendell's unphotographable nebula	 7088	
323.3754	 -0.8167	 7089	 Gb	21 33.5	-00 49	s	Aqr	 	 12.9	 6.5	 	!!, glob. cl. , B, vL, gpmbM, rrr, st eS; = M2    	M   2                              	 7089	
325.1004	-23.1833	 7099	 Gb	21 40.4	-23 11	s	Cap	 	 11.0	 7.5	 	!, glob. cl. , B, L, lE, gpmbM, st 12...16; = M30 	M  30                              	 7099	
328.3504	+47.2666	I5146	C+N	21 53.4	+47 16	s	Cyg	 	 12.0	 7.2	 	pB, vL, iF, *9.5 in M                             	Cocoon nebula                      	I5146	
337.4004	-20.8000	 7293	 Pl	22 29.6	-20 48	s	Aqr	 	 12.8	    	 	! pF, vL, E or biN                                	Helix nebula                       	 7293	
338.9754	+33.9500	 7317	 Gx	22 35.9	+33 57	s	Peg	 	  1.0	13.6	 	vF, vS                                            	Stephan's Quintet                  	 7317	NGC 7317-20
339.0004	+33.9666	 7318	 Gx	22 36.0	+33 58	s	Peg	 	  1.9	13.1	 	eF, eS                                            	Stephan's Quintet                  	 7318	NGC 7317-20
339.0254	+33.9833	 7319	 Gx	22 36.1	+33 59	s	Peg	 	  1.7	13.1	 	eF, eS                                            	Stephan's Quintet                  	 7319	NGC 7317-20
339.0254	+33.9500	 7320	 Gx	22 36.1	+33 57	s	Peg	 	  2.2	12.7	 	F, vS                                             	Stephan's Quintet                  	 7320	NGC 7317-20
350.1754	+61.1999	 7635	 Nb	23 20.7	+61 12	s	Cas	 	 15.0	    	 	vF, *8 inv l excentric                            	Bubble nebula                      	 7635	
351.0504	+61.5833	 7654	 OC	23 24.2	+61 35	s	Cas	 	 13.0	 6.9	 	Cl, L, Ri, mCM, R, st 9...13; = M52               	M  52                              	 7654	
351.4754	+42.5499	 7662	 Pl	23 25.9	+42 33	s	And	 	  2.2	 9.0	p	!!! PN  or ring , vB, pS, R, blue, variable Nucl  	Blue Snowball                      	 7662	
